Rnk,id,title,casts,Moive_url,image
1,1292052,肖申克的救赎,"蒂姆・罗宾斯,摩根・弗里曼,鲍勃・冈顿",https://api.douban.com/v2/movie/1292052?apikey=0df993c66c0c636e29ecbb5344252a4a,https://img3.doubanio.com/view/photo/s_ratio_poster/public/p480747492.jpg
2,1291546,霸王别姬,"张国荣,张丰毅,巩俐",https://api.douban.com/v2/movie/1291546?apikey=0df993c66c0c636e29ecbb5344252a4a,https://img3.doubanio.com/view/photo/s_ratio_poster/public/p2561716440.jpg
3,1292720,阿甘正传,"汤姆・汉克斯,罗宾・怀特,加里・西尼斯",https://api.douban.com/v2/movie/1292720?apikey=0df993c66c0c636e29ecbb5344252a4a,https://img3.doubanio.com/view/photo/s_ratio_poster/public/p2559011361.jpg
4,1295644,这个杀手不太冷,"让・雷诺,娜塔莉・波特曼,加里・奥德曼",https://api.douban.com/v2/movie/1295644?apikey=0df993c66c0c636e29ecbb5344252a4a,https://img3.doubanio.com/view/photo/s_ratio_poster/public/p511118051.jpg
5,1292063,美丽人生,"罗伯托・贝尼尼,尼可莱塔・布拉斯基,乔治・坎塔里尼",https://api.douban.com/v2/movie/1292063?apikey=0df993c66c0c636e29ecbb5344252a4a,https://img3.doubanio.com/view/photo/s_ratio_poster/public/p510861873.jpg
6,1292722,泰坦尼克号,"莱昂纳多・迪卡普里奥,凯特・温丝莱特,比利・赞恩",https://api.douban.com/v2/movie/1292722?apikey=0df993c66c0c636e29ecbb5344252a4a,https://img3.doubanio.com/view/photo/s_ratio_poster/public/p457760035.jpg
7,1291561,千与千寻,"艾美,入野自由,夏木真理",https://api.douban.com/v2/movie/1291561?apikey=0df993c66c0c636e29ecbb5344252a4a,https://img1.doubanio.com/view/photo/s_ratio_poster/public/p2557573348.jpg
8,1295124,辛德勒的名单,"连姆・尼森,本・金斯利,拉尔夫・费因斯",https://api.douban.com/v2/movie/1295124?apikey=0df993c66c0c636e29ecbb5344252a4a,https://img3.doubanio.com/view/photo/s_ratio_poster/public/p492406163.jpg
9,3541415,盗梦空间,"莱昂纳多・迪卡普里奥,约瑟夫・高登-莱维特,艾伦・佩吉",https://api.douban.com/v2/movie/3541415?apikey=0df993c66c0c636e29ecbb5344252a4a,https://img3.doubanio.com/view/photo/s_ratio_poster/public/p513344864.jpg
10,3011091,忠犬八公的故事,"理查・基尔,萨拉・罗默尔,琼・艾伦",https://api.douban.com/v2/movie/3011091?apikey=0df993c66c0c636e29ecbb5344252a4a,https://img3.doubanio.com/view/photo/s_ratio_poster/public/p524964016.jpg
11,2131459,机器人总动员,"本・贝尔特,艾丽莎・奈特,杰夫・格尔林",https://api.douban.com/v2/movie/2131459?apikey=0df993c66c0c636e29ecbb5344252a4a,https://img3.doubanio.com/view/photo/s_ratio_poster/public/p1461851991.jpg
12,3793023,三傻大闹宝莱坞,"阿米尔・汗,卡琳娜・卡普尔,马达范",https://api.douban.com/v2/movie/3793023?apikey=0df993c66c0c636e29ecbb5344252a4a,https://img3.doubanio.com/view/photo/s_ratio_poster/public/p579729551.jpg
13,1291549,放牛班的春天,"热拉尔・朱尼奥,弗朗索瓦・贝莱昂,凯德・麦拉德",https://api.douban.com/v2/movie/1291549?apikey=0df993c66c0c636e29ecbb5344252a4a,https://img3.doubanio.com/view/photo/s_ratio_poster/public/p1910824951.jpg
14,1292001,海上钢琴师,"蒂姆・罗斯,普路特・泰勒・文斯,比尔・努恩",https://api.douban.com/v2/movie/1292001?apikey=0df993c66c0c636e29ecbb5344252a4a,https://img1.doubanio.com/view/photo/s_ratio_poster/public/p511146807.jpg
15,1292064,楚门的世界,"金・凯瑞,劳拉・琳妮,艾德・哈里斯",https://api.douban.com/v2/movie/1292064?apikey=0df993c66c0c636e29ecbb5344252a4a,https://img3.doubanio.com/view/photo/s_ratio_poster/public/p479682972.jpg
16,1889243,星际穿越,"马修・麦康纳,安妮・海瑟薇,杰西卡・查斯坦",https://api.douban.com/v2/movie/1889243?apikey=0df993c66c0c636e29ecbb5344252a4a,https://img3.doubanio.com/view/photo/s_ratio_poster/public/p2206088801.jpg
17,1292213,大话西游之大圣娶亲,"周星驰,吴孟达,朱茵",https://api.douban.com/v2/movie/1292213?apikey=0df993c66c0c636e29ecbb5344252a4a,https://img3.doubanio.com/view/photo/s_ratio_poster/public/p2455050536.jpg
18,1291560,龙猫,"日高法子,坂本千夏,糸井重里",https://api.douban.com/v2/movie/1291560?apikey=0df993c66c0c636e29ecbb5344252a4a,https://img3.doubanio.com/view/photo/s_ratio_poster/public/p2540924496.jpg
19,5912992,熔炉,"孔侑,郑有美,金志映",https://api.douban.com/v2/movie/5912992?apikey=0df993c66c0c636e29ecbb5344252a4a,https://img3.doubanio.com/view/photo/s_ratio_poster/public/p1363250216.jpg
20,1291841,教父,"马龙・白兰度,阿尔・帕西诺,詹姆斯・肯恩",https://api.douban.com/v2/movie/1291841?apikey=0df993c66c0c636e29ecbb5344252a4a,https://img3.doubanio.com/view/photo/s_ratio_poster/public/p616779645.jpg
21,1307914,无间道,"刘德华,梁朝伟,黄秋生",https://api.douban.com/v2/movie/1307914?apikey=0df993c66c0c636e29ecbb5344252a4a,https://img3.doubanio.com/view/photo/s_ratio_poster/public/p2564556863.jpg
22,25662329,疯狂动物城,"金妮弗・古德温,杰森・贝特曼,伊德里斯・艾尔巴",https://api.douban.com/v2/movie/25662329?apikey=0df993c66c0c636e29ecbb5344252a4a,https://img1.doubanio.com/view/photo/s_ratio_poster/public/p2315672647.jpg
23,1849031,当幸福来敲门,"威尔・史密斯,贾登・史密斯,坦迪・牛顿",https://api.douban.com/v2/movie/1849031?apikey=0df993c66c0c636e29ecbb5344252a4a,https://img1.doubanio.com/view/photo/s_ratio_poster/public/p1312700628.jpg
24,3319755,怦然心动,"玛德琳・卡罗尔,卡兰・麦克奥利菲,瑞贝卡・德・莫妮",https://api.douban.com/v2/movie/3319755?apikey=0df993c66c0c636e29ecbb5344252a4a,https://img3.doubanio.com/view/photo/s_ratio_poster/public/p663036666.jpg
25,6786002,触不可及,"弗朗索瓦・克鲁塞,奥玛・希,安娜・勒尼",https://api.douban.com/v2/movie/6786002?apikey=0df993c66c0c636e29ecbb5344252a4a,https://img3.doubanio.com/view/photo/s_ratio_poster/public/p1454261925.jpg
26,1851857,蝙蝠侠：黑暗骑士,"克里斯蒂安・贝尔,希斯・莱杰,艾伦・艾克哈特",https://api.douban.com/v2/movie/1851857?apikey=0df993c66c0c636e29ecbb5344252a4a,https://img3.doubanio.com/view/photo/s_ratio_poster/public/p462657443.jpg
27,1300267,乱世佳人,"费雯・丽,克拉克・盖博,奥利维娅・德哈维兰",https://api.douban.com/v2/movie/1300267?apikey=0df993c66c0c636e29ecbb5344252a4a,https://img3.doubanio.com/view/photo/s_ratio_poster/public/p1963126880.jpg
28,1292365,活着,"葛优,巩俐,姜武",https://api.douban.com/v2/movie/1292365?apikey=0df993c66c0c636e29ecbb5344252a4a,https://img3.doubanio.com/view/photo/s_ratio_poster/public/p2513253791.jpg
29,1296141,控方证人,"泰隆・鲍华,玛琳・黛德丽,查尔斯・劳顿",https://api.douban.com/v2/movie/1296141?apikey=0df993c66c0c636e29ecbb5344252a4a,https://img1.doubanio.com/view/photo/s_ratio_poster/public/p1505392928.jpg
30,1929463,少年派的奇幻漂流,"苏拉・沙玛,伊尔凡・可汗,拉菲・斯波",https://api.douban.com/v2/movie/1929463?apikey=0df993c66c0c636e29ecbb5344252a4a,https://img3.doubanio.com/view/photo/s_ratio_poster/public/p1784592701.jpg
31,26387939,摔跤吧！爸爸,"阿米尔・汗,法缇玛・萨那・纱卡,桑亚・玛荷塔",https://api.douban.com/v2/movie/26387939?apikey=0df993c66c0c636e29ecbb5344252a4a,https://img3.doubanio.com/view/photo/s_ratio_poster/public/p2457983084.jpg
32,1291552,指环王3：王者无敌,"维果・莫腾森,伊利亚・伍德,西恩・奥斯汀",https://api.douban.com/v2/movie/1291552?apikey=0df993c66c0c636e29ecbb5344252a4a,https://img3.doubanio.com/view/photo/s_ratio_poster/public/p1910825503.jpg
33,1291583,天空之城,"田中真弓,横泽启子,初井言荣",https://api.douban.com/v2/movie/1291583?apikey=0df993c66c0c636e29ecbb5344252a4a,https://img1.doubanio.com/view/photo/s_ratio_poster/public/p1446261379.jpg
34,1291858,鬼子来了,"姜文,香川照之,袁丁",https://api.douban.com/v2/movie/1291858?apikey=0df993c66c0c636e29ecbb5344252a4a,https://img1.doubanio.com/view/photo/s_ratio_poster/public/p2553104888.jpg
35,1293182,十二怒汉,"亨利・方达,马丁・鲍尔萨姆,约翰・菲德勒",https://api.douban.com/v2/movie/1293182?apikey=0df993c66c0c636e29ecbb5344252a4a,https://img3.doubanio.com/view/photo/s_ratio_poster/public/p2173577632.jpg
36,1291828,天堂电影院,"安东内拉・阿蒂利,恩佐・卡拉瓦勒,艾萨・丹尼埃利",https://api.douban.com/v2/movie/1291828?apikey=0df993c66c0c636e29ecbb5344252a4a,https://img1.doubanio.com/view/photo/s_ratio_poster/public/p2559577569.jpg
37,2129039,飞屋环游记,"爱德华・阿斯纳,克里斯托弗・普卢默,乔丹・长井",https://api.douban.com/v2/movie/2129039?apikey=0df993c66c0c636e29ecbb5344252a4a,https://img3.doubanio.com/view/photo/s_ratio_poster/public/p485887754.jpg
38,1299398,大话西游之月光宝盒,"周星驰,吴孟达,罗家英",https://api.douban.com/v2/movie/1299398?apikey=0df993c66c0c636e29ecbb5344252a4a,https://img3.doubanio.com/view/photo/s_ratio_poster/public/p2561721372.jpg
39,1308807,哈尔的移动城堡,"倍赏千惠子,木村拓哉,美轮明宏",https://api.douban.com/v2/movie/1308807?apikey=0df993c66c0c636e29ecbb5344252a4a,https://img3.doubanio.com/view/photo/s_ratio_poster/public/p2174346180.jpg
40,1293839,罗马假日,"奥黛丽・赫本,格利高里・派克,埃迪・艾伯特",https://api.douban.com/v2/movie/1293839?apikey=0df993c66c0c636e29ecbb5344252a4a,https://img3.doubanio.com/view/photo/s_ratio_poster/public/p2189265085.jpg
41,1292000,搏击俱乐部,"爱德华・诺顿,布拉德・皮特,海伦娜・伯翰・卡特",https://api.douban.com/v2/movie/1292000?apikey=0df993c66c0c636e29ecbb5344252a4a,https://img1.doubanio.com/view/photo/s_ratio_poster/public/p1910926158.jpg
42,1293172,末代皇帝,"尊龙,陈冲,邬君梅",https://api.douban.com/v2/movie/1293172?apikey=0df993c66c0c636e29ecbb5344252a4a,https://img3.doubanio.com/view/photo/s_ratio_poster/public/p452089833.jpg
43,20495023,寻梦环游记,"安东尼・冈萨雷斯,盖尔・加西亚・贝纳尔,本杰明・布拉特",https://api.douban.com/v2/movie/20495023?apikey=0df993c66c0c636e29ecbb5344252a4a,https://img1.doubanio.com/view/photo/s_ratio_poster/public/p2503997609.jpg
44,1298624,闻香识女人,"阿尔・帕西诺,克里斯・奥唐纳,詹姆斯・瑞布霍恩",https://api.douban.com/v2/movie/1298624?apikey=0df993c66c0c636e29ecbb5344252a4a,https://img1.doubanio.com/view/photo/s_ratio_poster/public/p2550757929.jpg
45,21937445,辩护人,"宋康昊,吴达洙,金英爱",https://api.douban.com/v2/movie/21937445?apikey=0df993c66c0c636e29ecbb5344252a4a,https://img3.doubanio.com/view/photo/s_ratio_poster/public/p2158166535.jpg
46,21937452,素媛,"薛耿求,严志媛,李来",https://api.douban.com/v2/movie/21937452?apikey=0df993c66c0c636e29ecbb5344252a4a,https://img3.doubanio.com/view/photo/s_ratio_poster/public/p2118532944.jpg
47,1900841,窃听风暴,"乌尔里希・穆埃,马蒂娜・格德克,塞巴斯蒂安・科赫",https://api.douban.com/v2/movie/1900841?apikey=0df993c66c0c636e29ecbb5344252a4a,https://img1.doubanio.com/view/photo/s_ratio_poster/public/p1808872109.jpg
48,1291548,死亡诗社,"罗宾・威廉姆斯,罗伯特・肖恩・莱纳德,伊桑・霍克",https://api.douban.com/v2/movie/1291548?apikey=0df993c66c0c636e29ecbb5344252a4a,https://img3.doubanio.com/view/photo/s_ratio_poster/public/p502437344.jpg
49,1293350,两杆大烟枪,"杰森・弗莱明,德克斯特・弗莱彻,尼克・莫兰",https://api.douban.com/v2/movie/1293350?apikey=0df993c66c0c636e29ecbb5344252a4a,https://img1.doubanio.com/view/photo/s_ratio_poster/public/p792443418.jpg
50,1292224,飞越疯人院,"杰克・尼科尔森,丹尼・德维托,克里斯托弗・洛伊德",https://api.douban.com/v2/movie/1292224?apikey=0df993c66c0c636e29ecbb5344252a4a,https://img1.doubanio.com/view/photo/s_ratio_poster/public/p792238287.jpg
51,1291572,指环王2：双塔奇兵,"伊利亚・伍德,西恩・奥斯汀,伊恩・麦克莱恩",https://api.douban.com/v2/movie/1291572?apikey=0df993c66c0c636e29ecbb5344252a4a,https://img3.doubanio.com/view/photo/s_ratio_poster/public/p909265336.jpg
52,1299131,教父2,"阿尔・帕西诺,罗伯特・杜瓦尔,黛安・基顿",https://api.douban.com/v2/movie/1299131?apikey=0df993c66c0c636e29ecbb5344252a4a,https://img1.doubanio.com/view/photo/s_ratio_poster/public/p2194138787.jpg
53,1301753,狮子王,"乔纳森・泰勒・托马斯,马修・布罗德里克,杰瑞米・艾恩斯",https://api.douban.com/v2/movie/1301753?apikey=0df993c66c0c636e29ecbb5344252a4a,https://img1.doubanio.com/view/photo/s_ratio_poster/public/p726659067.jpg
54,1291571,指环王1：魔戒再现,"伊利亚・伍德,西恩・奥斯汀,伊恩・麦克莱恩",https://api.douban.com/v2/movie/1291571?apikey=0df993c66c0c636e29ecbb5344252a4a,https://img3.doubanio.com/view/photo/s_ratio_poster/public/p1354436051.jpg
55,1309046,V字仇杀队,"娜塔莉・波特曼,雨果・维文,斯蒂芬・瑞",https://api.douban.com/v2/movie/1309046?apikey=0df993c66c0c636e29ecbb5344252a4a,https://img3.doubanio.com/view/photo/s_ratio_poster/public/p1465235231.jpg
56,1306029,美丽心灵,"罗素・克劳,艾德・哈里斯,詹妮弗・康纳利",https://api.douban.com/v2/movie/1306029?apikey=0df993c66c0c636e29ecbb5344252a4a,https://img3.doubanio.com/view/photo/s_ratio_poster/public/p1665997400.jpg
57,1291818,饮食男女,"郎雄,杨贵媚,吴倩莲",https://api.douban.com/v2/movie/1291818?apikey=0df993c66c0c636e29ecbb5344252a4a,https://img3.doubanio.com/view/photo/s_ratio_poster/public/p1910899751.jpg
58,30170448,何以为家,"赞恩・阿尔・拉菲亚,约丹诺斯・希费罗,博鲁瓦蒂夫・特雷杰・班科尔",https://api.douban.com/v2/movie/30170448?apikey=0df993c66c0c636e29ecbb5344252a4a,https://img1.doubanio.com/view/photo/s_ratio_poster/public/p2555295759.jpg
59,3442220,海豚湾,"Richard O'Barry,路易・西霍尤斯,Hardy Jones",https://api.douban.com/v2/movie/3442220?apikey=0df993c66c0c636e29ecbb5344252a4a,https://img1.doubanio.com/view/photo/s_ratio_poster/public/p2559579779.jpg
60,1292220,情书,"中山美穗,丰川悦司,酒井美纪",https://api.douban.com/v2/movie/1292220?apikey=0df993c66c0c636e29ecbb5344252a4a,https://img1.doubanio.com/view/photo/s_ratio_poster/public/p449897379.jpg
61,1418019,大闹天宫,"邱岳峰,富润生,毕克",https://api.douban.com/v2/movie/1418019?apikey=0df993c66c0c636e29ecbb5344252a4a,https://img1.doubanio.com/view/photo/s_ratio_poster/public/p2184505167.jpg
62,1296736,钢琴家,"艾德里安・布洛迪,托马斯・克莱舒曼,艾米莉娅・福克斯",https://api.douban.com/v2/movie/1296736?apikey=0df993c66c0c636e29ecbb5344252a4a,https://img3.doubanio.com/view/photo/s_ratio_poster/public/p792484461.jpg
63,1295038,哈利・波特与魔法石,"丹尼尔・雷德克里夫,艾玛・沃森,鲁伯特・格林特",https://api.douban.com/v2/movie/1295038?apikey=0df993c66c0c636e29ecbb5344252a4a,https://img3.doubanio.com/view/photo/s_ratio_poster/public/p804947166.jpg
64,1485260,本杰明・巴顿奇事,"凯特・布兰切特,布拉德・皮特,朱莉娅・奥蒙德",https://api.douban.com/v2/movie/1485260?apikey=0df993c66c0c636e29ecbb5344252a4a,https://img3.doubanio.com/view/photo/s_ratio_poster/public/p2192535722.jpg
65,26580232,看不见的客人,"马里奥・卡萨斯,阿娜・瓦格纳,何塞・科罗纳多",https://api.douban.com/v2/movie/26580232?apikey=0df993c66c0c636e29ecbb5344252a4a,https://img3.doubanio.com/view/photo/s_ratio_poster/public/p2498971355.jpg
66,1291843,黑客帝国,"基努・里维斯,劳伦斯・菲什伯恩,凯瑞-安・莫斯",https://api.douban.com/v2/movie/1291843?apikey=0df993c66c0c636e29ecbb5344252a4a,https://img1.doubanio.com/view/photo/s_ratio_poster/public/p451926968.jpg
67,1292402,西西里的美丽传说,"莫妮卡・贝鲁奇,朱塞佩・苏尔法罗,Luciano Federico",https://api.douban.com/v2/movie/1292402?apikey=0df993c66c0c636e29ecbb5344252a4a,https://img1.doubanio.com/view/photo/s_ratio_poster/public/p2441988159.jpg
68,1303021,小鞋子,"法拉赫阿米尔・哈什米安,默罕默德・阿米尔・纳吉,巴哈丽・西迪奇",https://api.douban.com/v2/movie/1303021?apikey=0df993c66c0c636e29ecbb5344252a4a,https://img3.doubanio.com/view/photo/s_ratio_poster/public/p2173580536.jpg
69,3742360,让子弹飞,"姜文,葛优,周润发",https://api.douban.com/v2/movie/3742360?apikey=0df993c66c0c636e29ecbb5344252a4a,https://img1.doubanio.com/view/photo/s_ratio_poster/public/p1512562287.jpg
70,1292262,美国往事,"罗伯特・德尼罗,詹姆斯・伍兹,伊丽莎白・麦戈文",https://api.douban.com/v2/movie/1292262?apikey=0df993c66c0c636e29ecbb5344252a4a,https://img1.doubanio.com/view/photo/s_ratio_poster/public/p477229647.jpg
71,1292849,拯救大兵瑞恩,"汤姆・汉克斯,汤姆・塞兹摩尔,爱德华・伯恩斯",https://api.douban.com/v2/movie/1292849?apikey=0df993c66c0c636e29ecbb5344252a4a,https://img3.doubanio.com/view/photo/s_ratio_poster/public/p1014542496.jpg
72,1294408,音乐之声,"朱莉・安德鲁斯,克里斯托弗・普卢默,埃琳诺・帕克",https://api.douban.com/v2/movie/1294408?apikey=0df993c66c0c636e29ecbb5344252a4a,https://img3.doubanio.com/view/photo/s_ratio_poster/public/p2189265302.jpg
73,1305487,猫鼠游戏,"莱昂纳多・迪卡普里奥,汤姆・汉克斯,克里斯托弗・沃肯",https://api.douban.com/v2/movie/1305487?apikey=0df993c66c0c636e29ecbb5344252a4a,https://img3.doubanio.com/view/photo/s_ratio_poster/public/p453924541.jpg
74,1780330,致命魔术,"休・杰克曼,克里斯蒂安・贝尔,迈克尔・凯恩",https://api.douban.com/v2/movie/1780330?apikey=0df993c66c0c636e29ecbb5344252a4a,https://img3.doubanio.com/view/photo/s_ratio_poster/public/p480383375.jpg
75,1292223,七宗罪,"摩根・弗里曼,布拉德・皮特,凯文・史派西",https://api.douban.com/v2/movie/1292223?apikey=0df993c66c0c636e29ecbb5344252a4a,https://img3.doubanio.com/view/photo/s_ratio_poster/public/p457631605.jpg
76,1787291,被嫌弃的松子的一生,"中谷美纪,瑛太,香川照之",https://api.douban.com/v2/movie/1787291?apikey=0df993c66c0c636e29ecbb5344252a4a,https://img3.doubanio.com/view/photo/s_ratio_poster/public/p884763596.jpg
77,1291832,低俗小说,"约翰・特拉沃尔塔,乌玛・瑟曼,阿曼达・普拉莫",https://api.douban.com/v2/movie/1291832?apikey=0df993c66c0c636e29ecbb5344252a4a,https://img3.doubanio.com/view/photo/s_ratio_poster/public/p1910902213.jpg
78,1293544,沉默的羔羊,"朱迪・福斯特,安东尼・霍普金斯,斯科特・格伦",https://api.douban.com/v2/movie/1293544?apikey=0df993c66c0c636e29ecbb5344252a4a,https://img1.doubanio.com/view/photo/s_ratio_poster/public/p1593414327.jpg
79,1292343,蝴蝶效应,"阿什顿・库彻,梅洛拉・沃尔特斯,艾米・斯马特",https://api.douban.com/v2/movie/1292343?apikey=0df993c66c0c636e29ecbb5344252a4a,https://img1.doubanio.com/view/photo/s_ratio_poster/public/p2209066019.jpg
80,1292679,春光乍泄,"张国荣,梁朝伟,张震",https://api.douban.com/v2/movie/1292679?apikey=0df993c66c0c636e29ecbb5344252a4a,https://img3.doubanio.com/view/photo/s_ratio_poster/public/p465939041.jpg
81,3008247,穿条纹睡衣的男孩,"阿萨・巴特菲尔德,维拉・法米加,卡拉・霍根",https://api.douban.com/v2/movie/3008247?apikey=0df993c66c0c636e29ecbb5344252a4a,https://img3.doubanio.com/view/photo/s_ratio_poster/public/p1473670352.jpg
82,1294639,勇敢的心,"梅尔・吉布森,苏菲・玛索,布莱恩・考克斯",https://api.douban.com/v2/movie/1294639?apikey=0df993c66c0c636e29ecbb5344252a4a,https://img3.doubanio.com/view/photo/s_ratio_poster/public/p1374546770.jpg
83,1292215,天使爱美丽,"奥黛丽・塔图,马修・卡索维茨,吕菲斯",https://api.douban.com/v2/movie/1292215?apikey=0df993c66c0c636e29ecbb5344252a4a,https://img3.doubanio.com/view/photo/s_ratio_poster/public/p2447590313.jpg
84,1292370,剪刀手爱德华,"约翰尼・德普,薇诺娜・瑞德,黛安・韦斯特",https://api.douban.com/v2/movie/1292370?apikey=0df993c66c0c636e29ecbb5344252a4a,https://img1.doubanio.com/view/photo/s_ratio_poster/public/p480956937.jpg
85,1292656,心灵捕手,"马特・达蒙,罗宾・威廉姆斯,本・阿弗莱克",https://api.douban.com/v2/movie/1292656?apikey=0df993c66c0c636e29ecbb5344252a4a,https://img3.doubanio.com/view/photo/s_ratio_poster/public/p480965695.jpg
86,2334904,禁闭岛,"莱昂纳多・迪卡普里奥,马克・鲁弗洛,本・金斯利",https://api.douban.com/v2/movie/2334904?apikey=0df993c66c0c636e29ecbb5344252a4a,https://img1.doubanio.com/view/photo/s_ratio_poster/public/p1832875827.jpg
87,11525673,布达佩斯大饭店,"拉尔夫・费因斯,托尼・雷沃罗利,艾德里安・布洛迪",https://api.douban.com/v2/movie/11525673?apikey=0df993c66c0c636e29ecbb5344252a4a,https://img3.doubanio.com/view/photo/s_ratio_poster/public/p2178872593.jpg
88,1652587,阿凡达,"萨姆・沃辛顿,佐伊・索尔达娜,西格妮・韦弗",https://api.douban.com/v2/movie/1652587?apikey=0df993c66c0c636e29ecbb5344252a4a,https://img1.doubanio.com/view/photo/s_ratio_poster/public/p2180085848.jpg
89,2149806,入殓师,"本木雅弘,广末凉子,山崎努",https://api.douban.com/v2/movie/2149806?apikey=0df993c66c0c636e29ecbb5344252a4a,https://img1.doubanio.com/view/photo/s_ratio_poster/public/p594972928.jpg
90,1297359,幽灵公主,"松田洋治,石田百合子,田中裕子",https://api.douban.com/v2/movie/1297359?apikey=0df993c66c0c636e29ecbb5344252a4a,https://img3.doubanio.com/view/photo/s_ratio_poster/public/p1613191025.jpg
91,1298070,加勒比海盗,"约翰尼・德普,杰弗里・拉什,奥兰多・布鲁姆",https://api.douban.com/v2/movie/1298070?apikey=0df993c66c0c636e29ecbb5344252a4a,https://img3.doubanio.com/view/photo/s_ratio_poster/public/p1596085504.jpg
92,1294371,摩登时代,"查理・卓别林,宝莲・高黛,亨利・伯格曼",https://api.douban.com/v2/movie/1294371?apikey=0df993c66c0c636e29ecbb5344252a4a,https://img3.doubanio.com/view/photo/s_ratio_poster/public/p2173707976.jpg
93,1297192,致命ID,"约翰・库萨克,雷・利奥塔,阿曼达・皮特",https://api.douban.com/v2/movie/1297192?apikey=0df993c66c0c636e29ecbb5344252a4a,https://img3.doubanio.com/view/photo/s_ratio_poster/public/p2558364386.jpg
94,1418834,断背山,"希斯・莱杰,杰克・吉伦哈尔,米歇尔・威廉姆斯",https://api.douban.com/v2/movie/1418834?apikey=0df993c66c0c636e29ecbb5344252a4a,https://img1.doubanio.com/view/photo/s_ratio_poster/public/p513535588.jpg
95,1291875,阳光灿烂的日子,"夏雨,宁静,陶虹",https://api.douban.com/v2/movie/1291875?apikey=0df993c66c0c636e29ecbb5344252a4a,https://img3.doubanio.com/view/photo/s_ratio_poster/public/p2564685215.jpg
96,1291999,重庆森林,"林青霞,金城武,梁朝伟",https://api.douban.com/v2/movie/1291999?apikey=0df993c66c0c636e29ecbb5344252a4a,https://img3.doubanio.com/view/photo/s_ratio_poster/public/p792381411.jpg
97,1297630,第六感,"布鲁斯・威利斯,海利・乔・奥斯蒙,托妮・科莱特",https://api.douban.com/v2/movie/1297630?apikey=0df993c66c0c636e29ecbb5344252a4a,https://img3.doubanio.com/view/photo/s_ratio_poster/public/p2220184425.jpg
98,6985810,狩猎,"麦斯・米科尔森,托玛斯・博・拉森,安妮卡・韦德科普",https://api.douban.com/v2/movie/6985810?apikey=0df993c66c0c636e29ecbb5344252a4a,https://img1.doubanio.com/view/photo/s_ratio_poster/public/p1546987967.jpg
99,1302425,喜剧之王,"周星驰,张柏芝,莫文蔚",https://api.douban.com/v2/movie/1302425?apikey=0df993c66c0c636e29ecbb5344252a4a,https://img3.doubanio.com/view/photo/s_ratio_poster/public/p1043597424.jpg
100,3072124,玛丽和马克思,"托妮・科莱特,菲利普・塞默・霍夫曼,巴瑞・哈姆弗莱斯",https://api.douban.com/v2/movie/3072124?apikey=0df993c66c0c636e29ecbb5344252a4a,https://img1.doubanio.com/view/photo/s_ratio_poster/public/p1820615077.jpg
101,26752088,我不是药神,"徐峥,王传君,周一围",https://api.douban.com/v2/movie/26752088?apikey=0df993c66c0c636e29ecbb5344252a4a,https://img3.doubanio.com/view/photo/s_ratio_poster/public/p2561305376.jpg
102,21318488,消失的爱人,"本・阿弗莱克,裴淳华,尼尔・帕特里克・哈里斯",https://api.douban.com/v2/movie/21318488?apikey=0df993c66c0c636e29ecbb5344252a4a,https://img3.doubanio.com/view/photo/s_ratio_poster/public/p2221768894.jpg
103,4268598,告白,"松隆子,冈田将生,木村佳乃",https://api.douban.com/v2/movie/4268598?apikey=0df993c66c0c636e29ecbb5344252a4a,https://img3.doubanio.com/view/photo/s_ratio_poster/public/p689520756.jpg
104,25814705,小森林 夏秋篇,"桥本爱,三浦贵大,松冈茉优",https://api.douban.com/v2/movie/25814705?apikey=0df993c66c0c636e29ecbb5344252a4a,https://img3.doubanio.com/view/photo/s_ratio_poster/public/p2564498893.jpg
105,1291545,大鱼,"伊万・麦克格雷格,阿尔伯特・芬尼,比利・克鲁德普",https://api.douban.com/v2/movie/1291545?apikey=0df993c66c0c636e29ecbb5344252a4a,https://img3.doubanio.com/view/photo/s_ratio_poster/public/p692813374.jpg
106,1292434,一一,"吴念真,李凯莉,金燕玲",https://api.douban.com/v2/movie/1292434?apikey=0df993c66c0c636e29ecbb5344252a4a,https://img1.doubanio.com/view/photo/s_ratio_poster/public/p2119675128.jpg
107,26799731,请以你的名字呼唤我,"艾米・汉莫,蒂莫西・柴勒梅德,迈克尔・斯图巴",https://api.douban.com/v2/movie/26799731?apikey=0df993c66c0c636e29ecbb5344252a4a,https://img3.doubanio.com/view/photo/s_ratio_poster/public/p2505525050.jpg
108,4917726,阳光姐妹淘,"沈恩京,闵孝琳,姜素拉",https://api.douban.com/v2/movie/4917726?apikey=0df993c66c0c636e29ecbb5344252a4a,https://img1.doubanio.com/view/photo/s_ratio_poster/public/p1374786017.jpg
109,1296339,爱在黎明破晓前,"伊桑・霍克,朱莉・德尔佩,安德莉亚・埃克特",https://api.douban.com/v2/movie/1296339?apikey=0df993c66c0c636e29ecbb5344252a4a,https://img3.doubanio.com/view/photo/s_ratio_poster/public/p2555762374.jpg
110,1316510,射雕英雄传之东成西就,"梁朝伟,林青霞,张国荣",https://api.douban.com/v2/movie/1316510?apikey=0df993c66c0c636e29ecbb5344252a4a,https://img1.doubanio.com/view/photo/s_ratio_poster/public/p2535922598.jpg
111,1297052,侧耳倾听,"本名阳子,小林桂树,高山南",https://api.douban.com/v2/movie/1297052?apikey=0df993c66c0c636e29ecbb5344252a4a,https://img3.doubanio.com/view/photo/s_ratio_poster/public/p456692072.jpg
112,1305164,甜蜜蜜,"黎明,张曼玉,杨恭如",https://api.douban.com/v2/movie/1305164?apikey=0df993c66c0c636e29ecbb5344252a4a,https://img3.doubanio.com/view/photo/s_ratio_poster/public/p2223011274.jpg
113,1865703,红辣椒,"林原惠美,江守彻,堀胜之v",https://api.douban.com/v2/movie/1865703?apikey=0df993c66c0c636e29ecbb5344252a4a,https://img3.doubanio.com/view/photo/s_ratio_poster/public/p672363704.jpg
114,25958717,海蒂和爷爷,"阿努克・斯特芬,布鲁诺・甘茨,昆林・艾格匹",https://api.douban.com/v2/movie/25958717?apikey=0df993c66c0c636e29ecbb5344252a4a,https://img3.doubanio.com/view/photo/s_ratio_poster/public/p2554525534.jpg
115,2353023,驯龙高手,"杰伊・巴鲁切尔,杰拉德・巴特勒,克雷格・费格森",https://api.douban.com/v2/movie/2353023?apikey=0df993c66c0c636e29ecbb5344252a4a,https://img3.doubanio.com/view/photo/s_ratio_poster/public/p2210954024.jpg
116,1300299,杀人回忆,"宋康昊,金相庆,金雷河",https://api.douban.com/v2/movie/1300299?apikey=0df993c66c0c636e29ecbb5344252a4a,https://img1.doubanio.com/view/photo/s_ratio_poster/public/p480225538.jpg
117,1297447,倩女幽魂,"张国荣,王祖贤,午马",https://api.douban.com/v2/movie/1297447?apikey=0df993c66c0c636e29ecbb5344252a4a,https://img3.doubanio.com/view/photo/s_ratio_poster/public/p2414157745.jpg
118,5322596,超脱,"艾德里安・布洛迪,马西娅・盖伊・哈登,詹姆斯・肯恩",https://api.douban.com/v2/movie/5322596?apikey=0df993c66c0c636e29ecbb5344252a4a,https://img3.doubanio.com/view/photo/s_ratio_poster/public/p1305562621.jpg
119,10777687,7号房的礼物,"柳承龙,朴信惠,郑镇荣",https://api.douban.com/v2/movie/10777687?apikey=0df993c66c0c636e29ecbb5344252a4a,https://img3.doubanio.com/view/photo/s_ratio_poster/public/p1816276065.jpg
120,21360417,恐怖直播,"河正宇,李Z荣,全慧珍",https://api.douban.com/v2/movie/21360417?apikey=0df993c66c0c636e29ecbb5344252a4a,https://img3.doubanio.com/view/photo/s_ratio_poster/public/p2016930906.jpg
121,1293359,菊次郎的夏天,"北野武,关口雄介,岸本加世子",https://api.douban.com/v2/movie/1293359?apikey=0df993c66c0c636e29ecbb5344252a4a,https://img3.doubanio.com/view/photo/s_ratio_poster/public/p751835224.jpg
122,3011235,哈利・波特与死亡圣器(下),"丹尼尔・雷德克里夫,艾玛・沃森,鲁伯特・格林特",https://api.douban.com/v2/movie/3011235?apikey=0df993c66c0c636e29ecbb5344252a4a,https://img3.doubanio.com/view/photo/s_ratio_poster/public/p917846733.jpg
123,25814707,小森林 冬春篇,"桥本爱,三浦贵大,松冈茉优",https://api.douban.com/v2/movie/25814707?apikey=0df993c66c0c636e29ecbb5344252a4a,https://img1.doubanio.com/view/photo/s_ratio_poster/public/p2215147728.jpg
124,1291990,爱在日落黄昏时,"伊桑・霍克,朱莉・德尔佩,弗农・多布切夫",https://api.douban.com/v2/movie/1291990?apikey=0df993c66c0c636e29ecbb5344252a4a,https://img3.doubanio.com/view/photo/s_ratio_poster/public/p2191788134.jpg
125,1291585,风之谷,"岛本须美,松田洋治,Y原良子",https://api.douban.com/v2/movie/1291585?apikey=0df993c66c0c636e29ecbb5344252a4a,https://img3.doubanio.com/view/photo/s_ratio_poster/public/p1917567652.jpg
126,1292274,幸福终点站,"汤姆・汉克斯,凯瑟琳・泽塔-琼斯,斯坦利・图齐",https://api.douban.com/v2/movie/1292274?apikey=0df993c66c0c636e29ecbb5344252a4a,https://img1.doubanio.com/view/photo/s_ratio_poster/public/p854757687.jpg
127,3395373,蝙蝠侠：黑暗骑士崛起,"克里斯蒂安・贝尔,汤姆・哈迪,安妮・海瑟薇",https://api.douban.com/v2/movie/3395373?apikey=0df993c66c0c636e29ecbb5344252a4a,https://img3.doubanio.com/view/photo/s_ratio_poster/public/p1706428744.jpg
128,5989818,萤火之森,"佐仓绫音,内山昂辉,y亲八",https://api.douban.com/v2/movie/5989818?apikey=0df993c66c0c636e29ecbb5344252a4a,https://img1.doubanio.com/view/photo/s_ratio_poster/public/p1272904657.jpg
129,1292208,上帝之城,"亚历桑德雷・罗德里格斯,莱安德鲁・菲尔米诺,菲利佩・哈根森",https://api.douban.com/v2/movie/1292208?apikey=0df993c66c0c636e29ecbb5344252a4a,https://img3.doubanio.com/view/photo/s_ratio_poster/public/p455677490.jpg
130,1306249,唐伯虎点秋香,"周星驰,巩俐,陈百祥",https://api.douban.com/v2/movie/1306249?apikey=0df993c66c0c636e29ecbb5344252a4a,https://img3.doubanio.com/view/photo/s_ratio_poster/public/p1946455272.jpg
131,4202302,借东西的小人阿莉埃蒂,"志田未来,神木隆之介,树木希林",https://api.douban.com/v2/movie/4202302?apikey=0df993c66c0c636e29ecbb5344252a4a,https://img3.doubanio.com/view/photo/s_ratio_poster/public/p617533616.jpg
132,11026735,超能陆战队,"斯科特・安第斯,瑞恩・波特,丹尼尔・海尼",https://api.douban.com/v2/movie/11026735?apikey=0df993c66c0c636e29ecbb5344252a4a,https://img1.doubanio.com/view/photo/s_ratio_poster/public/p2224568669.jpg
133,3287562,神偷奶爸,"史蒂夫・卡瑞尔,杰森・席格尔,拉塞尔・布兰德",https://api.douban.com/v2/movie/3287562?apikey=0df993c66c0c636e29ecbb5344252a4a,https://img1.doubanio.com/view/photo/s_ratio_poster/public/p792776858.jpg
134,1292337,无人知晓,"柳乐优弥,北浦爱,木村飞影",https://api.douban.com/v2/movie/1292337?apikey=0df993c66c0c636e29ecbb5344252a4a,https://img3.doubanio.com/view/photo/s_ratio_poster/public/p661160053.jpg
135,1291579,怪兽电力公司,"约翰・古德曼,比利・克里斯托,玛丽・吉布斯",https://api.douban.com/v2/movie/1291579?apikey=0df993c66c0c636e29ecbb5344252a4a,https://img1.doubanio.com/view/photo/s_ratio_poster/public/p2513247938.jpg
136,1417598,电锯惊魂,"雷・沃纳尔,加利・艾尔维斯,丹尼・格洛弗",https://api.douban.com/v2/movie/1417598?apikey=0df993c66c0c636e29ecbb5344252a4a,https://img3.doubanio.com/view/photo/s_ratio_poster/public/p2565332644.jpg
137,1858711,玩具总动员3,"汤姆・汉克斯,蒂姆・艾伦,琼・库萨克",https://api.douban.com/v2/movie/1858711?apikey=0df993c66c0c636e29ecbb5344252a4a,https://img1.doubanio.com/view/photo/s_ratio_poster/public/p1283675359.jpg
138,3792799,岁月神偷,"吴君如,任达华,钟绍图",https://api.douban.com/v2/movie/3792799?apikey=0df993c66c0c636e29ecbb5344252a4a,https://img3.doubanio.com/view/photo/s_ratio_poster/public/p456666151.jpg
139,26325320,血战钢锯岭,"安德鲁・加菲尔德,萨姆・沃辛顿,文斯・沃恩",https://api.douban.com/v2/movie/26325320?apikey=0df993c66c0c636e29ecbb5344252a4a,https://img1.doubanio.com/view/photo/s_ratio_poster/public/p2398141939.jpg
140,1578507,谍影重重3,"马特・达蒙,朱丽娅・斯蒂尔斯,大卫・斯特雷泽恩",https://api.douban.com/v2/movie/1578507?apikey=0df993c66c0c636e29ecbb5344252a4a,https://img1.doubanio.com/view/photo/s_ratio_poster/public/p792223507.jpg
141,1907966,疯狂原始人,"尼古拉斯・凯奇,艾玛・斯通,瑞恩・雷诺兹",https://api.douban.com/v2/movie/1907966?apikey=0df993c66c0c636e29ecbb5344252a4a,https://img1.doubanio.com/view/photo/s_ratio_poster/public/p1867084027.jpg
142,1297574,英雄本色,"周润发,狄龙,张国荣",https://api.douban.com/v2/movie/1297574?apikey=0df993c66c0c636e29ecbb5344252a4a,https://img1.doubanio.com/view/photo/s_ratio_poster/public/p2504997087.jpg
143,1303037,喜宴,"赵文u,郎雄,归亚蕾",https://api.douban.com/v2/movie/1303037?apikey=0df993c66c0c636e29ecbb5344252a4a,https://img3.doubanio.com/view/photo/s_ratio_poster/public/p2173713676.jpg
144,1295399,七武士,"三船敏郎,志村乔,稻叶义男",https://api.douban.com/v2/movie/1295399?apikey=0df993c66c0c636e29ecbb5344252a4a,https://img3.doubanio.com/view/photo/s_ratio_poster/public/p647099823.jpg
145,1293318,萤火虫之墓,"辰己努,白石绫乃,志乃原良子",https://api.douban.com/v2/movie/1293318?apikey=0df993c66c0c636e29ecbb5344252a4a,https://img1.doubanio.com/view/photo/s_ratio_poster/public/p1157334208.jpg
146,1292328,东邪西毒,"张国荣,林青霞,梁朝伟",https://api.douban.com/v2/movie/1292328?apikey=0df993c66c0c636e29ecbb5344252a4a,https://img3.doubanio.com/view/photo/s_ratio_poster/public/p1982176012.jpg
147,1418200,傲慢与偏见,"凯拉・奈特莉,马修・麦克费登,唐纳德・萨瑟兰",https://api.douban.com/v2/movie/1418200?apikey=0df993c66c0c636e29ecbb5344252a4a,https://img3.doubanio.com/view/photo/s_ratio_poster/public/p452005185.jpg
148,1292401,真爱至上,"休・格兰特,科林・费尔斯,艾玛・汤普森",https://api.douban.com/v2/movie/1292401?apikey=0df993c66c0c636e29ecbb5344252a4a,https://img3.doubanio.com/view/photo/s_ratio_poster/public/p475600770.jpg
149,10577869,时空恋旅人,"多姆纳尔・格里森,瑞秋・麦克亚当斯,比尔・奈伊",https://api.douban.com/v2/movie/10577869?apikey=0df993c66c0c636e29ecbb5344252a4a,https://img3.doubanio.com/view/photo/s_ratio_poster/public/p2070153774.jpg
150,2209573,贫民窟的百万富翁,"戴夫・帕特尔,沙鲁巴・舒克拉,亚尼・卡普",https://api.douban.com/v2/movie/2209573?apikey=0df993c66c0c636e29ecbb5344252a4a,https://img3.doubanio.com/view/photo/s_ratio_poster/public/p2434249040.jpg
151,1978709,黑天鹅,"娜塔莉・波特曼,米拉・库尼斯,文森特・卡索",https://api.douban.com/v2/movie/1978709?apikey=0df993c66c0c636e29ecbb5344252a4a,https://img3.doubanio.com/view/photo/s_ratio_poster/public/p2549648344.jpg
152,1304447,记忆碎片,"盖・皮尔斯,凯瑞-安・莫斯,乔・潘托里亚诺",https://api.douban.com/v2/movie/1304447?apikey=0df993c66c0c636e29ecbb5344252a4a,https://img3.doubanio.com/view/photo/s_ratio_poster/public/p641688453.jpg
153,25917973,心迷宫,"霍卫民,王笑天,罗芸",https://api.douban.com/v2/movie/25917973?apikey=0df993c66c0c636e29ecbb5344252a4a,https://img3.doubanio.com/view/photo/s_ratio_poster/public/p2276780256.jpg
154,1295409,纵横四海,"周润发,张国荣,钟楚红",https://api.douban.com/v2/movie/1295409?apikey=0df993c66c0c636e29ecbb5344252a4a,https://img3.doubanio.com/view/photo/s_ratio_poster/public/p2272146906.jpg
155,1294240,教父3,"阿尔・帕西诺,黛安・基顿,塔莉娅・夏尔",https://api.douban.com/v2/movie/1294240?apikey=0df993c66c0c636e29ecbb5344252a4a,https://img3.doubanio.com/view/photo/s_ratio_poster/public/p2169664351.jpg
156,24750126,荒蛮故事,"达里奥・格兰迪内蒂,玛丽娅・玛努尔,莫妮卡・比利亚",https://api.douban.com/v2/movie/24750126?apikey=0df993c66c0c636e29ecbb5344252a4a,https://img3.doubanio.com/view/photo/s_ratio_poster/public/p2192834364.jpg
157,1300992,完美的世界,"凯文・科斯特纳,劳拉・邓恩,克林特・伊斯特伍德",https://api.douban.com/v2/movie/1300992?apikey=0df993c66c0c636e29ecbb5344252a4a,https://img1.doubanio.com/view/photo/s_ratio_poster/public/p2190556408.jpg
158,1793929,达拉斯买家俱乐部,"马修・麦康纳,詹妮弗・加纳,杰瑞德・莱托",https://api.douban.com/v2/movie/1793929?apikey=0df993c66c0c636e29ecbb5344252a4a,https://img1.doubanio.com/view/photo/s_ratio_poster/public/p2166160837.jpg
159,26611804,三块广告牌,"弗兰西斯・麦克多蒙德,伍迪・哈里森,山姆・洛克威尔",https://api.douban.com/v2/movie/26611804?apikey=0df993c66c0c636e29ecbb5344252a4a,https://img1.doubanio.com/view/photo/s_ratio_poster/public/p2510081688.jpg
160,1291870,雨人,"达斯汀・霍夫曼,汤姆・克鲁斯,瓦莱丽亚・戈利诺",https://api.douban.com/v2/movie/1291870?apikey=0df993c66c0c636e29ecbb5344252a4a,https://img3.doubanio.com/view/photo/s_ratio_poster/public/p942376281.jpg
161,6307447,被解救的姜戈,"杰米・福克斯,莱昂纳多・迪卡普里奥,克里斯托弗・沃尔兹",https://api.douban.com/v2/movie/6307447?apikey=0df993c66c0c636e29ecbb5344252a4a,https://img1.doubanio.com/view/photo/s_ratio_poster/public/p1959232369.jpg
162,1291557,花样年华,"梁朝伟,张曼玉,潘迪华",https://api.douban.com/v2/movie/1291557?apikey=0df993c66c0c636e29ecbb5344252a4a,https://img3.doubanio.com/view/photo/s_ratio_poster/public/p1910828286.jpg
163,1291822,卢旺达饭店,"唐・钱德尔,苏菲・奥康内多,杰昆・菲尼克斯",https://api.douban.com/v2/movie/1291822?apikey=0df993c66c0c636e29ecbb5344252a4a,https://img3.doubanio.com/view/photo/s_ratio_poster/public/p2159368352.jpg
164,26683290,你的名字。,"神木隆之介,上白石萌音,长泽雅美",https://api.douban.com/v2/movie/26683290?apikey=0df993c66c0c636e29ecbb5344252a4a,https://img1.doubanio.com/view/photo/s_ratio_poster/public/p2395733377.jpg
165,1306861,我是山姆,"西恩・潘,达科塔・范宁,米歇尔・菲佛",https://api.douban.com/v2/movie/1306861?apikey=0df993c66c0c636e29ecbb5344252a4a,https://img3.doubanio.com/view/photo/s_ratio_poster/public/p652417775.jpg
166,1307315,哪吒闹海,"梁正晖,邱岳峰,毕克",https://api.douban.com/v2/movie/1307315?apikey=0df993c66c0c636e29ecbb5344252a4a,https://img3.doubanio.com/view/photo/s_ratio_poster/public/p2516566783.jpg
167,10533913,头脑特工队,"艾米・波勒,菲利丝・史密斯,理查德・坎德",https://api.douban.com/v2/movie/10533913?apikey=0df993c66c0c636e29ecbb5344252a4a,https://img3.doubanio.com/view/photo/s_ratio_poster/public/p2266293606.jpg
168,25980443,海边的曼彻斯特,"卡西・阿弗莱克,卢卡斯・赫奇斯,米歇尔・威廉姆斯",https://api.douban.com/v2/movie/25980443?apikey=0df993c66c0c636e29ecbb5344252a4a,https://img1.doubanio.com/view/photo/s_ratio_poster/public/p2496940327.jpg
169,4848115,你看起来好像很好吃,"山口胜平,爱河里花子,加藤清史郎",https://api.douban.com/v2/movie/4848115?apikey=0df993c66c0c636e29ecbb5344252a4a,https://img1.doubanio.com/view/photo/s_ratio_poster/public/p2554167519.jpg
170,1309163,恋恋笔记本,"瑞恩・高斯林,瑞秋・麦克亚当斯,吉娜・罗兰兹",https://api.douban.com/v2/movie/1309163?apikey=0df993c66c0c636e29ecbb5344252a4a,https://img3.doubanio.com/view/photo/s_ratio_poster/public/p483604864.jpg
171,6534248,无敌破坏王,"约翰・C・赖利,萨拉・西尔弗曼,杰克・麦克布瑞尔",https://api.douban.com/v2/movie/6534248?apikey=0df993c66c0c636e29ecbb5344252a4a,https://img3.doubanio.com/view/photo/s_ratio_poster/public/p1735642656.jpg
172,1291578,冰川时代,"雷・罗马诺,约翰・雷吉扎莫,丹尼斯・利瑞",https://api.douban.com/v2/movie/1291578?apikey=0df993c66c0c636e29ecbb5344252a4a,https://img1.doubanio.com/view/photo/s_ratio_poster/public/p1910895719.jpg
173,26430107,二十二,,https://api.douban.com/v2/movie/26430107?apikey=0df993c66c0c636e29ecbb5344252a4a,https://img1.doubanio.com/view/photo/s_ratio_poster/public/p2457609817.jpg
174,1296909,虎口脱险,"路易・德・菲奈斯,布尔维尔,克劳迪奥・布鲁克",https://api.douban.com/v2/movie/1296909?apikey=0df993c66c0c636e29ecbb5344252a4a,https://img3.doubanio.com/view/photo/s_ratio_poster/public/p2399597512.jpg
175,1395091,未麻的部屋,"岩男润子,松本梨香,y亲八",https://api.douban.com/v2/movie/1395091?apikey=0df993c66c0c636e29ecbb5344252a4a,https://img3.doubanio.com/view/photo/s_ratio_poster/public/p1351050722.jpg
176,3443389,海洋,"皮尔斯・布鲁斯南,雅克・贝汉,姜文",https://api.douban.com/v2/movie/3443389?apikey=0df993c66c0c636e29ecbb5344252a4a,https://img3.doubanio.com/view/photo/s_ratio_poster/public/p2559581324.jpg
177,10463953,模仿游戏,"本尼迪克特・康伯巴奇,凯拉・奈特莉,马修・古迪",https://api.douban.com/v2/movie/10463953?apikey=0df993c66c0c636e29ecbb5344252a4a,https://img3.doubanio.com/view/photo/s_ratio_poster/public/p2255040492.jpg
178,25773932,爆裂鼓手,"迈尔斯・特勒,J・K・西蒙斯,保罗・雷瑟",https://api.douban.com/v2/movie/25773932?apikey=0df993c66c0c636e29ecbb5344252a4a,https://img3.doubanio.com/view/photo/s_ratio_poster/public/p2220776342.jpg
179,1293460,雨中曲,"吉恩・凯利,唐纳德・奥康纳,黛比・雷诺斯",https://api.douban.com/v2/movie/1293460?apikey=0df993c66c0c636e29ecbb5344252a4a,https://img3.doubanio.com/view/photo/s_ratio_poster/public/p1612355875.jpg
180,26628357,一个叫欧维的男人决定去死,"罗夫・拉斯加德,巴哈・帕斯,托比亚斯・阿姆博瑞",https://api.douban.com/v2/movie/26628357?apikey=0df993c66c0c636e29ecbb5344252a4a,https://img3.doubanio.com/view/photo/s_ratio_poster/public/p2406624993.jpg
181,1959195,忠犬八公物语,"山本圭,井川比佐志,片桐入",https://api.douban.com/v2/movie/1959195?apikey=0df993c66c0c636e29ecbb5344252a4a,https://img3.doubanio.com/view/photo/s_ratio_poster/public/p1576418852.jpg
182,1295865,燃情岁月,"布拉德・皮特,安东尼・霍普金斯,艾丹・奎因",https://api.douban.com/v2/movie/1295865?apikey=0df993c66c0c636e29ecbb5344252a4a,https://img1.doubanio.com/view/photo/s_ratio_poster/public/p1023654037.jpg
183,1302827,人工智能,"海利・乔・奥斯蒙,弗兰西丝・奥康纳,山姆・洛巴兹",https://api.douban.com/v2/movie/1302827?apikey=0df993c66c0c636e29ecbb5344252a4a,https://img1.doubanio.com/view/photo/s_ratio_poster/public/p792257137.jpg
184,1428581,天书奇谭,"丁建华,毕克,苏秀",https://api.douban.com/v2/movie/1428581?apikey=0df993c66c0c636e29ecbb5344252a4a,https://img1.doubanio.com/view/photo/s_ratio_poster/public/p2515539487.jpg
185,1307811,魔女宅急便,"高山南,佐久间玲,户田惠子",https://api.douban.com/v2/movie/1307811?apikey=0df993c66c0c636e29ecbb5344252a4a,https://img3.doubanio.com/view/photo/s_ratio_poster/public/p456676352.jpg
186,25724855,房间,"布丽・拉尔森,雅各布・特伦布莱,肖恩・布里吉格斯",https://api.douban.com/v2/movie/25724855?apikey=0df993c66c0c636e29ecbb5344252a4a,https://img3.doubanio.com/view/photo/s_ratio_poster/public/p2259715855.jpg
187,1937946,穿越时空的少女,"仲里依纱,石田卓也,板仓光隆",https://api.douban.com/v2/movie/1937946?apikey=0df993c66c0c636e29ecbb5344252a4a,https://img3.doubanio.com/view/photo/s_ratio_poster/public/p2079334286.jpg
188,1302467,黑客帝国3：矩阵革命,"基努・里维斯,劳伦斯・菲什伯恩,凯瑞-安・莫斯",https://api.douban.com/v2/movie/1302467?apikey=0df993c66c0c636e29ecbb5344252a4a,https://img1.doubanio.com/view/photo/s_ratio_poster/public/p443461818.jpg
189,3011051,恐怖游轮,"梅利莎・乔治,利亚姆・海姆斯沃斯,迈克尔・多曼",https://api.douban.com/v2/movie/3011051?apikey=0df993c66c0c636e29ecbb5344252a4a,https://img3.doubanio.com/view/photo/s_ratio_poster/public/p462470694.jpg
190,25895901,海街日记,"绫濑遥,长泽雅美,夏帆",https://api.douban.com/v2/movie/25895901?apikey=0df993c66c0c636e29ecbb5344252a4a,https://img1.doubanio.com/view/photo/s_ratio_poster/public/p2232247487.jpg
191,1293964,魂断蓝桥,"费雯・丽,罗伯特・泰勒,露塞尔・沃特森",https://api.douban.com/v2/movie/1293964?apikey=0df993c66c0c636e29ecbb5344252a4a,https://img1.doubanio.com/view/photo/s_ratio_poster/public/p2351134499.jpg
192,4920389,头号玩家,"泰伊・谢里丹,奥利维亚・库克,本・门德尔森",https://api.douban.com/v2/movie/4920389?apikey=0df993c66c0c636e29ecbb5344252a4a,https://img1.doubanio.com/view/photo/s_ratio_poster/public/p2516578307.jpg
193,1292528,猜火车,"伊万・麦克格雷格,艾文・布莱纳,约翰尼・李・米勒",https://api.douban.com/v2/movie/1292528?apikey=0df993c66c0c636e29ecbb5344252a4a,https://img1.doubanio.com/view/photo/s_ratio_poster/public/p513567548.jpg
194,26614893,完美陌生人,"马可・贾利尼,卡夏・斯穆特尼亚克,爱德华多・莱奥",https://api.douban.com/v2/movie/26614893?apikey=0df993c66c0c636e29ecbb5344252a4a,https://img3.doubanio.com/view/photo/s_ratio_poster/public/p2522331945.jpg
195,1291879,罗生门,"三船敏郎,千秋实,京町子",https://api.douban.com/v2/movie/1291879?apikey=0df993c66c0c636e29ecbb5344252a4a,https://img1.doubanio.com/view/photo/s_ratio_poster/public/p2564689879.jpg
196,1293181,惊魂记,"珍妮特・利,安东尼・博金斯,维拉・迈尔斯",https://api.douban.com/v2/movie/1293181?apikey=0df993c66c0c636e29ecbb5344252a4a,https://img3.doubanio.com/view/photo/s_ratio_poster/public/p1021883305.jpg
197,1291543,功夫,"周星驰,元秋,元华",https://api.douban.com/v2/movie/1291543?apikey=0df993c66c0c636e29ecbb5344252a4a,https://img1.doubanio.com/view/photo/s_ratio_poster/public/p2219011938.jpg
198,1305690,阿飞正传,"张国荣,张曼玉,刘嘉玲",https://api.douban.com/v2/movie/1305690?apikey=0df993c66c0c636e29ecbb5344252a4a,https://img3.doubanio.com/view/photo/s_ratio_poster/public/p2525770523.jpg
199,1760622,香水,"本・卫肖,艾伦・瑞克曼,蕾切儿・哈伍德",https://api.douban.com/v2/movie/1760622?apikey=0df993c66c0c636e29ecbb5344252a4a,https://img1.doubanio.com/view/photo/s_ratio_poster/public/p470006658.jpg
200,1308857,可可西里,"多布杰,张正阳,奇道",https://api.douban.com/v2/movie/1308857?apikey=0df993c66c0c636e29ecbb5344252a4a,https://img3.doubanio.com/view/photo/s_ratio_poster/public/p2414771522.jpg
201,1308767,谍影重重2,"马特・达蒙,弗朗卡・波滕特,布莱恩・考克斯",https://api.douban.com/v2/movie/1308767?apikey=0df993c66c0c636e29ecbb5344252a4a,https://img3.doubanio.com/view/photo/s_ratio_poster/public/p667644866.jpg
202,1292329,牯岭街少年杀人事件,"张震,杨静怡,张国柱",https://api.douban.com/v2/movie/1292329?apikey=0df993c66c0c636e29ecbb5344252a4a,https://img3.doubanio.com/view/photo/s_ratio_poster/public/p848381236.jpg
203,2213597,朗读者,"凯特・温丝莱特,大卫・克劳斯,拉尔夫・费因斯",https://api.douban.com/v2/movie/2213597?apikey=0df993c66c0c636e29ecbb5344252a4a,https://img1.doubanio.com/view/photo/s_ratio_poster/public/p1140984198.jpg
204,2297265,浪潮,"于尔根・福格尔,弗雷德里克・劳,马克思・雷迈特",https://api.douban.com/v2/movie/2297265?apikey=0df993c66c0c636e29ecbb5344252a4a,https://img3.doubanio.com/view/photo/s_ratio_poster/public/p1344888983.jpg
205,1304102,谍影重重,"马特・达蒙,弗朗卡・波滕特,克里斯・库珀",https://api.douban.com/v2/movie/1304102?apikey=0df993c66c0c636e29ecbb5344252a4a,https://img3.doubanio.com/view/photo/s_ratio_poster/public/p1597183981.jpg
206,1862151,疯狂的石头,"郭涛,刘桦,连晋",https://api.douban.com/v2/movie/1862151?apikey=0df993c66c0c636e29ecbb5344252a4a,https://img3.doubanio.com/view/photo/s_ratio_poster/public/p712241453.jpg
207,1419936,战争之王,"尼古拉斯・凯奇,布丽姬・穆娜,杰瑞德・莱托",https://api.douban.com/v2/movie/1419936?apikey=0df993c66c0c636e29ecbb5344252a4a,https://img3.doubanio.com/view/photo/s_ratio_poster/public/p792282381.jpg
208,2363506,地球上的星星,"达席尔・萨法瑞,阿米尔・汗,塔奈・切赫达",https://api.douban.com/v2/movie/2363506?apikey=0df993c66c0c636e29ecbb5344252a4a,https://img3.doubanio.com/view/photo/s_ratio_poster/public/p1973489335.jpg
209,4739952,初恋这件小事,"平采娜・乐维瑟派布恩,马里奥・毛瑞尔,苏达拉・布查蓬",https://api.douban.com/v2/movie/4739952?apikey=0df993c66c0c636e29ecbb5344252a4a,https://img3.doubanio.com/view/photo/s_ratio_poster/public/p1505312273.jpg
210,1303394,青蛇,"张曼玉,王祖贤,赵文卓",https://api.douban.com/v2/movie/1303394?apikey=0df993c66c0c636e29ecbb5344252a4a,https://img3.doubanio.com/view/photo/s_ratio_poster/public/p584021784.jpg
211,1291844,终结者2：审判日,"阿诺・施瓦辛格,琳达・汉密尔顿,爱德华・福隆",https://api.douban.com/v2/movie/1291844?apikey=0df993c66c0c636e29ecbb5344252a4a,https://img3.doubanio.com/view/photo/s_ratio_poster/public/p1910909085.jpg
212,26787574,奇迹男孩,"雅各布・特伦布莱,朱莉娅・罗伯茨,伊扎贝拉・维多维奇",https://api.douban.com/v2/movie/26787574?apikey=0df993c66c0c636e29ecbb5344252a4a,https://img1.doubanio.com/view/photo/s_ratio_poster/public/p2507709428.jpg
213,10808442,爱在午夜降临前,"伊桑・霍克,朱莉・德尔佩,肖姆斯・戴维-菲茨帕特里克",https://api.douban.com/v2/movie/10808442?apikey=0df993c66c0c636e29ecbb5344252a4a,https://img1.doubanio.com/view/photo/s_ratio_poster/public/p2074715729.jpg
214,3075287,源代码,"杰克・吉伦哈尔,维拉・法米加,米歇尔・莫纳汉",https://api.douban.com/v2/movie/3075287?apikey=0df993c66c0c636e29ecbb5344252a4a,https://img3.doubanio.com/view/photo/s_ratio_poster/public/p988260245.jpg
215,1292287,新龙门客栈,"张曼玉,林青霞,梁家辉",https://api.douban.com/v2/movie/1292287?apikey=0df993c66c0c636e29ecbb5344252a4a,https://img1.doubanio.com/view/photo/s_ratio_poster/public/p1421018669.jpg
216,2222996,步履不停,"阿部宽,夏川结衣,江原由希子",https://api.douban.com/v2/movie/2222996?apikey=0df993c66c0c636e29ecbb5344252a4a,https://img3.doubanio.com/view/photo/s_ratio_poster/public/p2561539680.jpg
217,26393561,小萝莉的猴神大叔,"萨尔曼・汗,哈莎莉・马洛特拉,卡琳娜・卡普尔",https://api.douban.com/v2/movie/26393561?apikey=0df993c66c0c636e29ecbb5344252a4a,https://img3.doubanio.com/view/photo/s_ratio_poster/public/p2510956726.jpg
218,1438652,无耻混蛋,"布拉德・皮特,梅拉尼・罗兰,克里斯托弗・沃尔兹",https://api.douban.com/v2/movie/1438652?apikey=0df993c66c0c636e29ecbb5344252a4a,https://img3.doubanio.com/view/photo/s_ratio_poster/public/p770734475.jpg
219,25986180,釜山行,"孔侑,郑有美,马东锡",https://api.douban.com/v2/movie/25986180?apikey=0df993c66c0c636e29ecbb5344252a4a,https://img1.doubanio.com/view/photo/s_ratio_poster/public/p2360940399.jpg
220,6874403,再次出发之纽约遇见你,"凯拉・奈特莉,马克・鲁弗洛,亚当・莱文",https://api.douban.com/v2/movie/6874403?apikey=0df993c66c0c636e29ecbb5344252a4a,https://img3.doubanio.com/view/photo/s_ratio_poster/public/p2250287733.jpg
221,5964718,一次别离,"佩曼・莫阿迪,蕾拉・哈塔米,萨瑞・巴亚特",https://api.douban.com/v2/movie/5964718?apikey=0df993c66c0c636e29ecbb5344252a4a,https://img3.doubanio.com/view/photo/s_ratio_poster/public/p2189835254.jpg
222,1397546,追随,"杰里米・西奥伯德,亚历克斯・霍,露西・拉塞尔",https://api.douban.com/v2/movie/1397546?apikey=0df993c66c0c636e29ecbb5344252a4a,https://img3.doubanio.com/view/photo/s_ratio_poster/public/p2074443514.jpg
223,10437779,新世界,"李政宰,崔岷植,黄政民",https://api.douban.com/v2/movie/10437779?apikey=0df993c66c0c636e29ecbb5344252a4a,https://img1.doubanio.com/view/photo/s_ratio_poster/public/p1903379979.jpg
224,1428175,血钻,"莱昂纳多・迪卡普里奥,杰曼・翰苏,詹妮弗・康纳利",https://api.douban.com/v2/movie/1428175?apikey=0df993c66c0c636e29ecbb5344252a4a,https://img3.doubanio.com/view/photo/s_ratio_poster/public/p1244017073.jpg
225,25807345,彗星来的那一夜,"艾米丽・芭尔多尼,莫瑞・史特林,尼古拉斯・布兰登",https://api.douban.com/v2/movie/25807345?apikey=0df993c66c0c636e29ecbb5344252a4a,https://img3.doubanio.com/view/photo/s_ratio_poster/public/p2187896734.jpg
226,1292226,2001太空漫游,"凯尔・杜拉,加里・洛克伍德,威廉姆・西尔维斯特",https://api.douban.com/v2/movie/1292226?apikey=0df993c66c0c636e29ecbb5344252a4a,https://img3.doubanio.com/view/photo/s_ratio_poster/public/p2500694952.jpg
227,1293908,城市之光,"查理・卓别林,弗吉尼亚・切瑞尔,佛罗伦斯・李",https://api.douban.com/v2/movie/1293908?apikey=0df993c66c0c636e29ecbb5344252a4a,https://img1.doubanio.com/view/photo/s_ratio_poster/public/p2170238828.jpg
228,1291568,东京物语,"笠智众,原节子,杉村春子",https://api.douban.com/v2/movie/1291568?apikey=0df993c66c0c636e29ecbb5344252a4a,https://img3.doubanio.com/view/photo/s_ratio_poster/public/p1925331564.jpg
229,1300374,绿里奇迹,"汤姆・汉克斯,大卫・摩斯,迈克・克拉克・邓肯",https://api.douban.com/v2/movie/1300374?apikey=0df993c66c0c636e29ecbb5344252a4a,https://img3.doubanio.com/view/photo/s_ratio_poster/public/p767586451.jpg
230,1388216,撞车,"桑德拉・布洛克,唐・钱德尔,马特・狄龙",https://api.douban.com/v2/movie/1388216?apikey=0df993c66c0c636e29ecbb5344252a4a,https://img3.doubanio.com/view/photo/s_ratio_poster/public/p2075132390.jpg
231,1292270,梦之安魂曲,"艾伦・伯斯汀,杰瑞德・莱托,詹妮弗・康纳利",https://api.douban.com/v2/movie/1292270?apikey=0df993c66c0c636e29ecbb5344252a4a,https://img3.doubanio.com/view/photo/s_ratio_poster/public/p884936202.jpg
232,3592854,疯狂的麦克斯4：狂暴之路,"汤姆・哈迪,查理兹・塞隆,尼古拉斯・霍尔特",https://api.douban.com/v2/movie/3592854?apikey=0df993c66c0c636e29ecbb5344252a4a,https://img3.doubanio.com/view/photo/s_ratio_poster/public/p2236181653.jpg
233,25954475,聚焦,"马克・鲁弗洛,迈克尔・基顿,瑞秋・麦克亚当斯",https://api.douban.com/v2/movie/25954475?apikey=0df993c66c0c636e29ecbb5344252a4a,https://img1.doubanio.com/view/photo/s_ratio_poster/public/p2263822658.jpg
234,1294638,E.T. 外星人,"亨利・托马斯,迪・沃伦斯,罗伯特・麦克纳夫顿",https://api.douban.com/v2/movie/1294638?apikey=0df993c66c0c636e29ecbb5344252a4a,https://img3.doubanio.com/view/photo/s_ratio_poster/public/p984732992.jpg
235,1291824,黑鹰坠落,"乔什・哈奈特,伊万・麦克格雷格,汤姆・塞兹摩尔",https://api.douban.com/v2/movie/1291824?apikey=0df993c66c0c636e29ecbb5344252a4a,https://img3.doubanio.com/view/photo/s_ratio_poster/public/p1910900710.jpg
236,2300586,这个男人来自地球,"大卫・李・史密斯,托尼・托德,约翰・比灵斯列",https://api.douban.com/v2/movie/2300586?apikey=0df993c66c0c636e29ecbb5344252a4a,https://img3.doubanio.com/view/photo/s_ratio_poster/public/p513303986.jpg
237,1291992,末路狂花,"吉娜・戴维斯,苏珊・萨兰登,哈威・凯特尔",https://api.douban.com/v2/movie/1291992?apikey=0df993c66c0c636e29ecbb5344252a4a,https://img3.doubanio.com/view/photo/s_ratio_poster/public/p794583044.jpg
238,1867345,遗愿清单,"杰克・尼科尔森,摩根・弗里曼,西恩・海耶斯",https://api.douban.com/v2/movie/1867345?apikey=0df993c66c0c636e29ecbb5344252a4a,https://img3.doubanio.com/view/photo/s_ratio_poster/public/p708613284.jpg
239,1292233,发条橙,"马尔科姆・麦克道威尔,帕特里克・马基,迈克尔・贝茨",https://api.douban.com/v2/movie/1292233?apikey=0df993c66c0c636e29ecbb5344252a4a,https://img3.doubanio.com/view/photo/s_ratio_poster/public/p529908155.jpg
240,1292659,变脸,"约翰・特拉沃尔塔,尼古拉斯・凯奇,琼・艾伦",https://api.douban.com/v2/movie/1292659?apikey=0df993c66c0c636e29ecbb5344252a4a,https://img3.doubanio.com/view/photo/s_ratio_poster/public/p2173855883.jpg
241,4023638,国王的演讲,"科林・费尔斯,杰弗里・拉什,海伦娜・伯翰・卡特",https://api.douban.com/v2/movie/4023638?apikey=0df993c66c0c636e29ecbb5344252a4a,https://img1.doubanio.com/view/photo/s_ratio_poster/public/p768879237.jpg
242,5908478,我爱你,"宋在浩,李顺载,尹秀晶",https://api.douban.com/v2/movie/5908478?apikey=0df993c66c0c636e29ecbb5344252a4a,https://img1.doubanio.com/view/photo/s_ratio_poster/public/p1075591188.jpg
243,1292728,勇闯夺命岛,"肖恩・康纳利,尼古拉斯・凯奇,艾德・哈里斯",https://api.douban.com/v2/movie/1292728?apikey=0df993c66c0c636e29ecbb5344252a4a,https://img3.doubanio.com/view/photo/s_ratio_poster/public/p636048104.jpg
244,1300117,千钧一发,"伊桑・霍克,乌玛・瑟曼,裘德・洛",https://api.douban.com/v2/movie/1300117?apikey=0df993c66c0c636e29ecbb5344252a4a,https://img3.doubanio.com/view/photo/s_ratio_poster/public/p2195672555.jpg
245,1296996,哈利・波特与密室,"丹尼尔・雷德克里夫,艾玛・沃森,鲁伯特・格林特",https://api.douban.com/v2/movie/1296996?apikey=0df993c66c0c636e29ecbb5344252a4a,https://img3.doubanio.com/view/photo/s_ratio_poster/public/p1082651990.jpg
246,1291544,哈利・波特与阿兹卡班的囚徒,"丹尼尔・雷德克里夫,艾玛・沃森,鲁伯特・格林特",https://api.douban.com/v2/movie/1291544?apikey=0df993c66c0c636e29ecbb5344252a4a,https://img1.doubanio.com/view/photo/s_ratio_poster/public/p1910812549.jpg
247,1401118,黄金三镖客,"克林特・伊斯特伍德,埃里・瓦拉赫,李・范・克里夫",https://api.douban.com/v2/movie/1401118?apikey=0df993c66c0c636e29ecbb5344252a4a,https://img1.doubanio.com/view/photo/s_ratio_poster/public/p2101693489.jpg
248,1292214,非常嫌疑犯,"史蒂芬・鲍德温,加布里埃尔・伯恩,本尼西奥・德尔・托罗",https://api.douban.com/v2/movie/1292214?apikey=0df993c66c0c636e29ecbb5344252a4a,https://img3.doubanio.com/view/photo/s_ratio_poster/public/p2537319495.jpg
249,25921812,驴得水,"任素汐,大力,刘帅良",https://api.douban.com/v2/movie/25921812?apikey=0df993c66c0c636e29ecbb5344252a4a,https://img3.doubanio.com/view/photo/s_ratio_poster/public/p2393044761.jpg
250,2043546,秒速5厘米,"水桥研二,近藤好美 ,花村怜美",https://api.douban.com/v2/movie/2043546?apikey=0df993c66c0c636e29ecbb5344252a4a,https://img3.doubanio.com/view/photo/s_ratio_poster/public/p982896012.jpg
